time,ODrive 0 Position,ODrive 0 Velocity,ODrive 0 Current
0,1475.6400146484375,-0.02631758153438568,-3.3268752098083496
0.016,1475.639892578125,-0.008927923627197742,-3.3268752098083496
0.027,1475.6400146484375,-0.02271895296871662,-3.3268752098083496
0.035,1475.6400146484375,0.01989091746509075,-3.3268752098083496
0.045,1475.64013671875,0.029926851391792297,-3.3268752098083496
0.058,1475.64013671875,-0.0036678221076726913,-3.3268752098083496
0.064,1475.6400146484375,-0.01859133690595627,-3.3268752098083496
0.075,1475.64013671875,0.0027545790653675795,-3.3268752098083496
0.085,1475.64013671875,0.0348367802798748,-3.3268752098083496
0.095,1475.6400146484375,-0.04472797363996506,-3.3268752098083496
0.107,1475.64013671875,0.003469838760793209,-3.3268752098083496
0.114,1475.64013671875,0.008305266499519348,-3.3268752098083496
0.126,1475.64013671875,-0.007773088291287422,-3.3268752098083496
0.134,1475.64013671875,0.002344802487641573,-3.3268752098083496
0.144,1475.64013671875,-0.012213630601763725,-3.3268752098083496
0.158,1475.64013671875,0.0034102366771548986,-3.3268752098083496
0.164,1475.64013671875,0.008498981595039368,-3.3268752098083496
0.174,1475.64013671875,-0.0016412650002166629,-3.3268752098083496
0.185,1475.64013671875,0.021030854433774948,-3.3268752098083496
0.195,1475.6400146484375,-0.03724014014005661,-3.3268752098083496
0.208,1475.64013671875,-0.0039807455614209175,-3.3268752098083496
0.215,1475.64013671875,-0.003630568739026785,-3.3268752098083496
0.228,1475.64013671875,0.004207441583275795,-3.3268752098083496
0.234,1475.64013671875,0.006450063083320856,-3.3268752098083496
0.246,1475.6400146484375,-0.044884443283081055,-3.3268752098083496
0.261,1475.64013671875,-0.024030273780226707,-3.3268752098083496
0.265,1475.6400146484375,-0.04669494181871414,-3.3268752098083496
0.292,1475.64013671875,0.02073281817138195,-3.3268752098083496
0.295,1475.64013671875,0.007932722568511963,-3.3268752098083496
0.31,1475.64013671875,0.012097597122192383,-3.3268752098083496
0.315,1475.6400146484375,-0.03157025948166847,-3.3268752098083496
0.327,1475.6400146484375,-0.01903093233704567,-3.3268752098083496
0.343,1475.64013671875,-0.0023490809835493565,-3.3268752098083496
0.345,1475.64013671875,0.025411784648895264,-3.3268752098083496
0.36,1475.6400146484375,-0.0037199873477220535,-3.3268752098083496
0.365,1475.64013671875,0.0052356114611029625,-3.3268752098083496
0.376,1475.6400146484375,-0.024276141077280045,-3.3268752098083496
0.384,1475.6402587890625,0.033458411693573,-3.3268752098083496
0.395,1475.64013671875,-0.004032909870147705,-3.3268752098083496
0.41,1475.64013671875,-0.014642533846199512,-3.3268752098083496
0.416,1475.6400146484375,-0.002140460768714547,-3.3268752098083496
0.428,1475.6400146484375,-0.008443648926913738,-3.3268752098083496
0.434,1475.64013671875,0.005541093647480011,-3.3268752098083496
0.449,1475.6400146484375,-0.031570252031087875,-3.3268752098083496
0.464,1475.64013671875,-0.000240559340454638,-3.3268752098083496
0.478,1475.6402587890625,0.04611695930361748,-3.3268752098083496
0.484,1475.64013671875,0.013349305838346481,-3.3268752098083496
0.495,1475.6400146484375,-0.026362290605902672,-3.3268752098083496
0.511,1475.64013671875,0.006561830639839172,-3.3268752098083496
0.515,1475.64013671875,-0.004397973883897066,-3.3268752098083496
0.528,1475.64013671875,0.007418650668114424,-3.3268752098083496
0.534,1475.64013671875,-0.002304358407855034,-3.3268752098083496
0.545,1475.64013671875,0.004237252287566662,-3.3268752098083496
0.56,1475.64013671875,-0.026615599170327187,-3.3268752098083496
0.565,1475.6402587890625,0.0090726837515831,-3.3268752098083496
0.577,1475.64013671875,0.016947945579886436,-3.3268752098083496
0.585,1475.64013671875,-0.00945691205561161,-3.3268752098083496
0.595,1475.64013671875,-0.003190973773598671,-3.3268752098083496
0.609,1475.64013671875,-0.014784079976379871,-3.3268752098083496
0.615,1475.64013671875,-0.004845004994422197,-3.3268752098083496
0.627,1475.6400146484375,-0.020036742091178894,-3.3268752098083496
0.634,1475.64013671875,0.0028365422040224075,-3.3268752098083496
0.645,1475.6400146484375,-0.032903894782066345,-3.3268752098083496
0.66,1475.64013671875,0.00608499301597476,-3.3268752098083496
0.665,1475.6400146484375,0.012038005515933037,-3.3268752098083496
0.676,1475.6400146484375,-0.010246679186820984,-3.3268752098083496
0.685,1475.64013671875,0.0059359814040362835,-3.3268752098083496
0.711,1475.64013671875,0.015167253091931343,-3.3268752098083496
0.715,1475.639892578125,-0.033760715276002884,-3.3268752098083496
0.728,1475.6400146484375,-0.017063960433006287,-3.3268752098083496
0.735,1475.6400146484375,-0.016765937209129333,-3.3268752098083496
0.745,1475.6400146484375,0.0048407502472400665,-3.3268752098083496
0.76,1475.6400146484375,0.006882212124764919,-3.3268752098083496
0.764,1475.6400146484375,-0.011908154934644699,-3.3268752098083496
0.775,1475.64013671875,0.01904156059026718,-3.3268752098083496
0.784,1475.6400146484375,0.024636946618556976,-3.3268752098083496
0.795,1475.6400146484375,0.010555346496403217,-3.3268752098083496
0.807,1475.64013671875,0.005921082571148872,-3.3268752098083496
0.815,1475.64013671875,0.00010217775707133114,-3.3268752098083496
0.826,1475.64013671875,0.0354924313724041,-3.3268752098083496
0.834,1475.64013671875,0.026469774544239044,-3.3268752098083496
0.844,1475.64013671875,-0.027815159410238266,-3.3268752098083496
0.859,1475.64013671875,0.003969022072851658,-3.3268752098083496
0.865,1475.64013671875,-0.023493817076086998,-3.3268752098083496
0.877,1475.6402587890625,-0.0013655935181304812,-3.3268752098083496
0.884,1475.6402587890625,-0.010105123743414879,-3.3268752098083496
0.895,1475.6402587890625,-0.003988197073340416,-3.3268752098083496
0.911,1475.6402587890625,0.0038274640683084726,-3.3268752098083496
0.915,1475.6402587890625,-0.03621940687298775,-3.3268752098083496
0.927,1475.6402587890625,-0.012429698370397091,-3.3268752098083496
0.934,1475.6402587890625,0.007321791257709265,-3.3268752098083496
0.945,1475.6402587890625,0.013312059454619884,-3.3268752098083496
0.959,1475.64013671875,-0.028291983529925346,-3.3268752098083496
0.964,1475.6402587890625,-0.020714743062853813,-3.3268752098083496
0.975,1475.6402587890625,0.0018381683621555567,-3.3268752098083496
0.984,1475.6402587890625,0.0037157153710722923,-3.3268752098083496
0.995,1475.6402587890625,-0.00023309369862545282,-3.3268752098083496
1.009,1475.6402587890625,0.028161069378256798,-3.3268752098083496
1.014,1475.6402587890625,-0.006886457093060017,-3.3268752098083496
1.025,1475.6402587890625,-0.01980576664209366,-3.3268752098083496
1.034,1475.6402587890625,-0.018531715497374535,-3.3268752098083496
1.044,1475.6402587890625,-0.023635363206267357,-3.3268752098083496
1.059,1475.6402587890625,-0.03294859454035759,-3.3268752098083496
1.064,1475.6402587890625,0.0062116580083966255,-3.3268752098083496
1.074,1475.64013671875,0.00460978364571929,-3.3268752098083496
1.084,1475.6402587890625,0.0075974673964083195,-3.3268752098083496
1.094,1475.64013671875,-0.021318238228559494,-3.3268752098083496
1.108,1475.64013671875,-0.009896498173475266,-3.3268752098083496
1.114,1475.64013671875,0.0067630005069077015,-3.3268752098083496
1.125,1475.64013671875,0.002508716192096472,-3.3268752098083496
1.14,1475.640380859375,0.018967054784297943,-3.3268752098083496
1.145,1475.64013671875,-0.0198504738509655,-3.3268752098083496
1.158,1475.64013671875,-0.015052299946546555,-3.3268752098083496
1.164,1475.6402587890625,0.03651317209005356,-3.3268752098083496
1.174,1475.64013671875,-0.01027647778391838,-3.3268752098083496
1.184,1475.64013671875,-0.006059450097382069,-3.3268752098083496
1.195,1475.64013671875,-0.00531439483165741,-3.3268752098083496
1.209,1475.6402587890625,0.001189964939840138,-3.3268752098083496
1.216,1475.64013671875,-0.02968524396419525,-3.3268752098083496
1.226,1475.64013671875,0.0010707556502893567,-3.3268752098083496
1.235,1475.64013671875,0.008685251697897911,-3.3268752098083496
1.245,1475.64013671875,0.012939532287418842,-3.3268752098083496
1.259,1475.64013671875,-0.028582552447915077,-3.3268752098083496
1.264,1475.64013671875,0.0025310716591775417,-3.3268752098083496
1.275,1475.6400146484375,-0.02489451691508293,-3.3268752098083496
1.284,1475.6400146484375,-0.01581970974802971,-3.3268752098083496
1.295,1475.64013671875,0.013334413059055805,-3.3268752098083496
1.308,1475.64013671875,0.021656714379787445,-3.3268752098083496
1.314,1475.64013671875,0.01466806884855032,-3.3268752098083496
1.325,1475.64013671875,0.033003948628902435,-3.3268752098083496
1.334,1475.64013671875,-0.047849759459495544,-3.3268752098083496
1.344,1475.64013671875,0.001547590596601367,-3.3268752098083496
1.358,1475.64013671875,-0.02417181245982647,-3.3268752098083496
1.364,1475.6400146484375,-0.03171925246715546,-3.3268752098083496
1.376,1475.64013671875,-0.0015443976735696197,-3.3268752098083496
1.384,1475.64013671875,0.009445210918784142,-3.3268752098083496
1.395,1475.64013671875,-0.03427479788661003,0
1.428,1475.64013671875,-0.015417376533150673,-0.0008627995848655701
1.434,1475.64013671875,-0.01533542014658451,0.016748957335948944
1.445,1475.6402587890625,0.015852712094783783,0.11713342368602753
1.459,1475.6402587890625,0.018177293241024017,-0.09843215346336365
1.464,1475.6402587890625,0.01325991004705429,0.1324601024389267
1.475,1475.6402587890625,0.0033804397098720074,-0.027313750237226486
1.485,1475.640380859375,0.03485914319753647,-0.25293752551078796
1.494,1475.6402587890625,0.007396301254630089,0.08609621226787567
1.509,1475.640380859375,0.0014432852622121572,-0.02261771261692047
1.515,1475.6402587890625,-0.011513276025652885,-0.017971135675907135
1.526,1475.6402587890625,-0.025110585615038872,-0.051870424300432205
1.546,1475.6402587890625,0.009244038723409176,-0.004171364009380341
1.565,1475.6402587890625,-0.010529804043471813,-0.04923473298549652
1.58,1475.64013671875,-0.048691678792238235,-0.024273812770843506
1.584,1475.6402587890625,0.008096647448837757,-0.08726993948221207
1.615,1475.6402587890625,-0.01251166220754385,-0.015460719354450703
1.63,1475.6402587890625,0.020971251651644707,0.0535319559276104
1.634,1475.64013671875,-0.04591261222958565,0.07630342245101929
1.648,1475.6402587890625,-0.003377246670424938,0.10794466733932495
1.662,1475.6402587890625,0.010689450427889824,0.030679412186145782
1.664,1475.64013671875,-0.02584819868206978,-0.03047163039445877
1.678,1475.64013671875,-0.006871572695672512,-0.028102122247219086
1.685,1475.6402587890625,0.024025989696383476,0.08449384570121765
1.695,1475.6402587890625,0.012157218530774117,0.08358658105134964
1.711,1475.6402587890625,-0.006566089577972889,0.08737604320049286
1.715,1475.6402587890625,0.03222908452153206,0.014039523899555206
1.729,1475.64013671875,-0.03624175488948822,-0.03680857643485069
1.735,1475.64013671875,-0.005753978621214628,0.07498830556869507
1.745,1475.64013671875,-0.005068527534604073,0.07216201722621918
1.763,1475.6402587890625,0.025456503033638,0.08956600725650787
1.779,1475.6402587890625,0.016731875017285347,-0.007384761236608028
1.785,1475.6402587890625,0.0054144421592354774,0.09172172844409943
1.794,1475.6402587890625,0.018952148035168648,-0.03503993898630142
1.809,1475.6402587890625,0.015442926436662674,0.014859581366181374
1.815,1475.6402587890625,0.0073739453218877316,0.012623902410268784
1.826,1475.6402587890625,0.007716672495007515,0.014595836400985718
1.834,1475.64013671875,-0.022003695368766785,0.07532302290201187
1.844,1475.6402587890625,0.027743833139538765,0.03225109353661537
1.859,1475.6402587890625,0.03455366939306259,0.05802244693040848
1.864,1475.6402587890625,0.040417276322841644,0.07155803591012955
1.875,1475.64013671875,-0.00746760843321681,0.016595326364040375
1.884,1475.6402587890625,0.024793408811092377,0.03272669017314911
1.894,1475.64013671875,-0.01609537936747074,-0.04659900814294815
1.908,1475.6402587890625,0.0076943254098296165,-0.015634119510650635
1.914,1475.64013671875,-0.011908154934644699,0.03825441375374794
1.928,1475.64013671875,0.011628227308392525,0.04722251743078232
1.935,1475.64013671875,-0.01475428231060505,0.009431485086679459
1.945,1475.6402587890625,0.020017577335238457,0.0010122093372046947
1.96,1475.64013671875,-0.01239989884197712,0.013629524037241936
1.964,1475.6402587890625,0.01337911281734705,-0.017432061955332756
1.976,1475.6402587890625,-0.0004640691913664341,0.0350472554564476
1.984,1475.64013671875,-0.030624020844697952,0.048324089497327805
1.995,1475.640380859375,0.04191483557224274,0.055715516209602356
2.009,1475.6402587890625,-0.0056720273569226265,0.10019136965274811
2.014,1475.64013671875,-0.0347665473818779,0.048522114753723145
2.025,1475.6400146484375,-0.02742772549390793,-0.010769902728497982
2.034,1475.6402587890625,0.012045451439917088,-0.05398847162723541
2.045,1475.64013671875,-0.023411860689520836,0.06311056762933731
2.059,1475.64013671875,-0.016847899183630943,0.0077445851638913155
2.064,1475.64013671875,0.002985546365380287,-0.06371627002954483
2.075,1475.64013671875,0.014608452096581459,-0.02821377106010914
2.084,1475.64013671875,0.013669678941369057,-0.029749326407909393
2.095,1475.64013671875,-0.008398942649364471,-0.16810891032218933
2.108,1475.6402587890625,0.03506029397249222,0.10221268981695175
2.114,1475.6402587890625,0.022982902824878693,-0.0008623450994491577
2.125,1475.6402587890625,-0.01912032626569271,-0.04116362705826759
2.135,1475.6402587890625,0.03847266361117363,-0.02409312129020691
2.144,1475.6402587890625,-0.002960018115118146,0.08654197305440903
2.158,1475.6402587890625,-0.028902936726808548,-0.016269158571958542
2.164,1475.6402587890625,0.001100554596632719,0.061291925609111786
2.176,1475.640380859375,0.035552043467760086,-0.0687461718916893
2.184,1475.6402587890625,0.013163045980036259,0.07501008361577988
2.194,1475.6402587890625,0.0005492140771821141,0.07300203293561935
2.209,1475.6402587890625,-0.006327671930193901,-0.009876757860183716
2.214,1475.64013671875,-0.029208404943346977,0.027781197801232338
2.226,1475.64013671875,-0.020096346735954285,0.11653751134872437
2.234,1475.6402587890625,0.033525485545396805,-0.03551732748746872
2.245,1475.640625,0.030500546097755432,-0.25248777866363525
2.26,1475.641357421875,0.07172460854053497,-0.3609350621700287
2.264,1475.641845703125,0.1149156242609024,-0.40545356273651123
2.277,1475.647216796875,0.7604116201400757,-0.7768659591674805
2.285,1475.656494140625,1.170715570449829,-0.7795032858848572
2.294,1475.668701171875,1.3637830018997192,-1.243118166923523
2.309,1475.7021484375,2.660782814025879,-1.2302284240722656
2.314,1475.71533203125,2.7162821292877197,-1.5815948247909546
2.326,1475.74072265625,1.3951735496520996,-1.9023288488388062
2.334,1475.7525634765625,1.5472328662872314,-1.6248060464859009
2.345,1475.774658203125,2.6708261966705322,-1.8769688606262207
2.359,1475.8309326171875,3.9654178619384766,-2.5784876346588135
2.365,1475.857177734375,4.199656009674072,-2.7697057723999023
2.376,1475.9112548828125,5.248295783996582,-2.125551700592041
2.384,1475.960693359375,6.114100933074951,-1.8647409677505493
2.394,1476.026611328125,7.166797161102295,-3.1021814346313477
2.409,1476.1494140625,8.975829124450684,-2.6800291538238525
2.414,1476.1998291015625,9.708113670349121,-2.4192960262298584
2.426,1476.3289794921875,12.008624076843262,-3.753136157989502
2.436,1476.458984375,13.976308822631836,-2.878359794616699
2.444,1476.5968017578125,15.845101356506348,-3.9178576469421387
2.459,1476.870361328125,19.954730987548828,-4.445034027099609
2.464,1476.9730224609375,21.114967346191406,-4.548330307006836
2.476,1477.22265625,22.638408660888672,-3.789832353591919
2.485,1477.43994140625,24.51146697998047,-4.917675971984863
2.494,1477.667236328125,21.960487365722656,-5.053823471069336
2.508,1477.95556640625,22.038625717163086,-5.00807523727417
2.514,1478.106201171875,24.015045166015625,-4.4799933433532715
2.532,1478.4759521484375,29.788040161132812,-5.134446620941162
2.535,1478.66796875,28.56829261779785,-5.470500946044922
2.544,1478.9554443359375,30.576040267944336,-4.771879196166992
2.564,1479.6024169921875,36.782108306884766,-5.2921142578125
2.58,1480.2244873046875,37.43012237548828,-6.010279655456543
2.585,1480.4091796875,40.6649169921875,-5.406223297119141
2.597,1480.9185791015625,44.493431091308594,-6.360599040985107
2.612,1481.63623046875,47.71622848510742,-6.292530059814453
2.614,1481.7470703125,47.0140495300293,-6.828904151916504
2.629,1482.515625,54.39305114746094,-6.771345138549805
2.644,1482.9564208984375,55.19081115722656,-7.217260837554932
2.663,1484.4832763671875,63.98600769042969,-7.459109306335449
2.68,1485.5645751953125,69.5921630859375,-7.075199127197266
2.685,1485.943603515625,69.50251007080078,-7.424488067626953
2.695,1486.6480712890625,74.12947082519531,-7.693726062774658
2.713,1487.99462890625,78.84294891357422,-8.722371101379395
2.714,1488.094970703125,79.52950286865234,-8.51431941986084
2.728,1489.247802734375,83.39398193359375,-8.460257530212402
2.735,1489.852783203125,86.37191009521484,-8.826513290405273
2.745,1490.7685546875,90.54066467285156,-8.632694244384766
2.76,1492.1600341796875,95.44996643066406,-8.916131973266602
2.764,1492.5350341796875,98.455078125,-9.271862983703613
2.776,1493.71044921875,102.4358901977539,-8.736130714416504
2.785,1494.6707763671875,106.4841537475586,-8.978739738464355
2.795,1495.760009765625,109.31108093261719,-8.225211143493652
2.808,1497.2430419921875,113.01268005371094,-9.342744827270508
2.815,1498.0145263671875,117.0361328125,-10.995165824890137
2.826,1499.2991943359375,119.5808334350586,-11.305075645446777
2.842,1500.7022705078125,127.19084167480469,-10.424091339111328
2.848,1501.942138671875,130.24757385253906,-10.886459350585938
2.859,1503.63427734375,137.06101989746094,-11.364973068237305
2.864,1504.28662109375,137.04595947265625,-10.935930252075195
2.876,1505.9283447265625,142.6656494140625,-9.279620170593262
2.892,1507.29248046875,145.66473388671875,-12.49625015258789
2.895,1508.8145751953125,151.796630859375,-9.172112464904785
2.912,1511.531494140625,159.8117218017578,-13.955937385559082
2.915,1511.935791015625,160.744873046875,-11.285319328308105
2.928,1514.0963134765625,167.1591033935547,-12.00585651397705
2.934,1515.091064453125,170.37474060058594,-12.018585205078125
2.945,1517.0457763671875,175.7151641845703,-11.531974792480469
2.961,1519.9208984375,182.63951110839844,-10.309015274047852
2.965,1520.5645751953125,184.50733947753906,-14.5880708694458
2.978,1523.0150146484375,190.93260192871094,-11.808530807495117
2.984,1524.2930908203125,192.8372802734375,-11.566705703735352
2.994,1526.240478515625,198.343017578125,-12.340056419372559
3.009,1529.2916259765625,206.12367248535156,-11.999258995056152
3.014,1530.30810546875,208.30181884765625,-13.867305755615234
3.026,1532.7744140625,214.39642333984375,-15.322726249694824
3.034,1534.698486328125,218.87554931640625,-16.062021255493164
3.044,1536.8248291015625,222.58851623535156,-13.844551086425781
3.059,1540.1982421875,229.9744873046875,-13.691360473632812
3.064,1541.358642578125,232.08909606933594,-12.880077362060547
3.076,1544.173095703125,238.47471618652344,-13.755276679992676
3.085,1546.3677978515625,240.81375122070312,-14.447247505187988
3.095,1548.8798828125,246.70086669921875,-13.10718822479248
3.109,1552.23681640625,253.3350830078125,-14.738556861877441
3.114,1553.6419677734375,256.48492431640625,-18.398860931396484
3.126,1556.7152099609375,260.8758544921875,-17.710296630859375
3.134,1558.8157958984375,263.70849609375,-14.787117004394531
3.144,1561.5303955078125,265.4822082519531,-6.557666301727295
3.159,1565.5167236328125,268.86846923828125,-7.854410648345947
3.164,1566.871826171875,270.6770324707031,-9.621742248535156
3.175,1569.8931884765625,272.7053527832031,-9.3876953125
3.184,1572.3890380859375,273.133056640625,-8.526189804077148
3.194,1575.104248046875,275.33514404296875,-9.921435356140137
3.209,1579.0831298828125,275.20269775390625,-13.231691360473633
3.215,1580.8040771484375,276.03411865234375,-10.356878280639648
3.226,1583.7684326171875,276.69488525390625,-12.90233325958252
3.235,1586.42626953125,275.77099609375,-2.967670440673828
3.245,1589.2371826171875,276.8583679199219,-8.688355445861816
3.259,1593.0343017578125,276.5637512207031,-9.648154258728027
3.264,1594.4459228515625,274.79638671875,-5.385599613189697
3.275,1597.5245361328125,276.17724609375,-6.453003883361816
3.284,1599.9859619140625,277.61328125,-7.884154319763184
3.296,1603.078125,278.52740478515625,-13.152803421020508
3.335,1609.8048095703125,277.7091064453125,-8.962644577026367
3.345,1616.6072998046875,278.6180725097656,-11.081707954406738
3.364,1622.164306640625,278.1024475097656,-11.987174987792969
3.394,1630.5272216796875,278.1395263671875,-3.1120173931121826
3.411,1635.1912841796875,278.0055847167969,-10.032414436340332
3.415,1636.0933837890625,278.27496337890625,-7.7820000648498535
3.429,1640.013916015625,278.212890625,-7.761030197143555
3.443,1641.9625244140625,278.8384704589844,-5.956995010375977
3.444,1644.43212890625,277.180419921875,-1.7261853218078613
3.461,1648.9202880859375,278.3607482910156,-6.637556552886963
3.466,1650.3094482421875,277.4912414550781,-6.421368598937988
3.476,1653.262939453125,277.5731201171875,-7.684082984924316
3.485,1655.6278076171875,278.7720947265625,-7.5028977394104
3.496,1658.69384765625,279.4127197265625,-14.667778968811035
3.513,1663.38037109375,276.03179931640625,-2.090240001678467
3.515,1664.1817626953125,277.71240234375,-8.505824089050293
3.527,1667.37060546875,276.7472839355469,-6.370181083679199
3.534,1669.4539794921875,276.9618225097656,-5.158243179321289
3.545,1672.5517578125,278.42974853515625,-9.583202362060547
3.56,1676.490234375,277.8453063964844,-2.831345558166504
3.565,1678.0941162109375,278.6661376953125,-7.273176670074463
3.577,1681.1820068359375,277.5302734375,-8.472870826721191
3.585,1683.6424560546875,277.9610290527344,-13.118728637695312
3.596,1686.4512939453125,276.7396240234375,-4.764434814453125
3.61,1690.629150390625,278.7447509765625,-11.019695281982422
3.617,1692.2626953125,277.5140380859375,-7.188629150390625
3.628,1695.3504638671875,276.84429931640625,-4.674405574798584
3.635,1697.400390625,276.9720764160156,-4.5708489418029785
3.644,1700.0482177734375,278.7944641113281,-9.82596492767334
3.659,1704.254150390625,277.4458923339844,-5.9913330078125
3.664,1705.465576171875,276.5601501464844,-3.0787899494171143
3.676,1708.7303466796875,278.362060546875,-10.087966918945312
3.684,1711.0584716796875,278.4064636230469,-9.911619186401367
3.695,1714.150146484375,278.3109130859375,-10.509838104248047
3.71,1718.14599609375,278.4916687011719,-10.854225158691406
3.714,1719.5321044921875,277.5325622558594,-3.5587127208709717
3.729,1723.4246826171875,277.13360595703125,-3.8882174491882324
3.735,1725.3052978515625,277.6719055175781,-5.461661338806152
3.744,1727.744140625,279.1589660644531,-10.405821800231934
3.761,1732.5,277.0548400878906,-7.747182369232178
3.764,1733.3690185546875,276.6911315917969,-3.5721476078033447
3.777,1736.8121337890625,278.50067138671875,-10.803092002868652
3.785,1739.212158203125,278.3104248046875,-7.866614818572998
3.795,1741.9962158203125,278.78948974609375,-9.489347457885742
3.81,1746.032470703125,278.67706298828125,-9.81805419921875
3.814,1747.2835693359375,277.9347839355469,-4.938044548034668
3.827,1750.899169921875,278.4664611816406,-8.236540794372559
3.844,1754.3076171875,277.6202392578125,-6.802874565124512
3.86,1760.0450439453125,278.2325744628906,-10.693598747253418
3.864,1761.0865478515625,278.1738586425781,-9.06929874420166
3.881,1765.74462890625,278.9876708984375,-10.792287826538086
3.884,1766.64892578125,279.05804443359375,-12.272049903869629
3.895,1769.7852783203125,279.3266296386719,-11.71356201171875
3.909,1773.7193603515625,279.2244873046875,-11.841445922851562
3.914,1775.0413818359375,278.6929016113281,-8.527532577514648
3.928,1778.968017578125,278.2646179199219,-6.918567657470703
3.935,1780.8809814453125,278.7099914550781,-8.494187355041504
3.945,1783.6680908203125,279.5538635253906,-11.504073143005371
3.96,1787.9508056640625,278.4423522949219,-5.720969200134277
3.964,1788.958740234375,278.3141174316406,-6.917328357696533
3.977,1792.43212890625,277.2480163574219,-4.567268371582031
3.985,1794.7647705078125,278.7850036621094,-12.309701919555664
3.994,1797.3043212890625,277.8540954589844,-5.1844401359558105
4.012,1802.1483154296875,278.9803466796875,-8.796998023986816
4.015,1803.2266845703125,278.5970153808594,-8.401065826416016
4.029,1807.1268310546875,279.0372314453125,-11.888753890991211
4.035,1808.7994384765625,279.39410400390625,-9.751616477966309
4.046,1811.8656005859375,278.9790954589844,-7.876426696777344
4.062,1816.313720703125,277.13116455078125,-7.050445079803467
4.065,1817.1492919921875,278.2452697753906,-9.714935302734375
4.079,1821.0819091796875,279.2008972167969,-9.821905136108398
4.093,1822.755859375,279.7487487792969,-10.790350914001465
4.094,1825.23291015625,278.9512634277344,-8.092307090759277
4.11,1829.4854736328125,278.0202941894531,-3.033010959625244
4.115,1831.092041015625,279.257568359375,-6.806055545806885
4.127,1834.22705078125,278.45269775390625,-7.922820091247559
4.135,1836.5576171875,278.3833312988281,-5.508141994476318
4.145,1839.4468994140625,277.5605773925781,-3.3655669689178467
4.16,1843.5240478515625,277.8603210449219,-2.56687068939209
4.176,1846.1397705078125,279.0859069824219,-7.523617267608643
4.185,1850.6043701171875,279.5400390625,-8.34813117980957
4.195,1853.4259033203125,277.44793701171875,-2.584865093231201
4.209,1857.22607421875,278.54541015625,-8.88196086883545
4.214,1858.582763671875,278.6629333496094,-5.559340000152588
4.226,1861.9296875,279.2624816894531,-10.491581916809082
4.235,1864.4757080078125,278.5647277832031,-2.2850489616394043
4.245,1867.269775390625,278.3877258300781,-8.697041511535645
4.261,1871.7972412109375,279.13494873046875,-9.954719543457031
4.265,1872.9119873046875,279.0687561035156,-7.945306301116943
4.276,1875.94384765625,278.9710388183594,-9.164810180664062
4.285,1878.4837646484375,277.8491516113281,-3.5036683082580566
4.295,1881.2747802734375,278.3220520019531,-6.159579753875732
4.31,1885.24755859375,278.4411315917969,-5.495246410369873
4.315,1886.8487548828125,278.810791015625,-9.306229591369629
4.327,1890.01904296875,279.36834716796875,-8.872706413269043
4.335,1892.422119140625,277.6861267089844,-2.158071756362915
4.345,1895.2125244140625,278.4692687988281,-9.889692306518555
4.36,1899.3804931640625,276.95318603515625,-4.492077827453613
4.365,1900.7745361328125,278.8865051269531,-8.18919849395752
4.378,1904.151611328125,278.8975524902344,-8.395971298217773
4.396,1906.4127197265625,277.572265625,-4.1865234375
4.397,1909.5179443359375,278.5766296386719,-3.195690631866455
4.413,1913.94873046875,279.13726806640625,-7.328277111053467
4.415,1914.715576171875,279.3852233886719,-11.092074394226074
4.429,1918.4017333984375,277.0809326171875,-5.25590705871582
4.435,1920.2845458984375,278.0250244140625,-5.580287933349609
4.445,1923.00537109375,279.3796081542969,-9.880526542663574
4.463,1927.9827880859375,278.59503173828125,-11.596826553344727
4.464,1928.3291015625,277.419189453125,-5.24885892868042
4.478,1932.1280517578125,279.38525390625,-11.586099624633789
4.485,1934.1866455078125,279.4473571777344,-8.861437797546387
4.495,1936.97998046875,279.79608154296875,-8.326925277709961
4.51,1940.9935302734375,279.4974365234375,-9.025163650512695
4.515,1942.4920654296875,278.65997314453125,-3.6280086040496826
4.527,1945.985595703125,279.4626159667969,-9.490317344665527
4.535,1948.0789794921875,279.5837707519531,-12.540011405944824
4.545,1950.8338623046875,279.40081787109375,-10.1909818649292
4.56,1955.121826171875,279.26971435546875,-11.6665620803833
4.564,1956.1680908203125,279.2111511230469,-9.86774730682373
4.576,1959.48095703125,278.6062316894531,-3.6537845134735107
4.584,1961.825927734375,280.0561828613281,-8.251567840576172
4.594,1964.6903076171875,280.07916259765625,-12.264286041259766
4.61,1968.943115234375,279.0680236816406,-8.869954109191895
4.615,1970.5089111328125,278.2788391113281,-7.24066162109375
4.628,1974.141357421875,279.8808898925781,-11.440970420837402
4.634,1975.8175048828125,279.82861328125,-8.170377731323242
4.645,1978.782470703125,279.4996032714844,-9.854713439941406
4.663,1983.72802734375,279.3008728027344,-12.56673812866211
4.665,1984.3529052734375,277.7528076171875,-6.393509387969971
4.68,1988.5762939453125,279.1117248535156,-4.721245288848877
4.684,1989.8021240234375,280.2320251464844,-10.275604248046875
4.695,1992.7728271484375,280.126708984375,-12.464326858520508
4.713,1997.821044921875,279.2321472167969,-7.325288772583008
4.714,1998.1348876953125,279.15130615234375,-9.782801628112793
4.729,2002.3258056640625,278.6614990234375,-3.633181571960449
4.735,2004.0030517578125,279.56329345703125,-9.392719268798828
4.744,2006.5443115234375,278.340576171875,-7.000728607177734
4.759,2010.764404296875,279.8893127441406,-10.082446098327637
4.765,2012.2667236328125,279.2886962890625,-8.682124137878418
4.775,2015.2066650390625,279.81280517578125,-6.793064594268799
4.784,2017.721923828125,280.1612854003906,-10.073479652404785
4.794,2020.544189453125,278.472900390625,-6.498930931091309
4.809,2024.4794921875,278.083984375,-4.759114742279053
4.814,2026.0869140625,279.4383850097656,-9.736321449279785
4.827,2029.54248046875,279.25445556640625,-5.236090660095215
4.834,2031.7119140625,280.3860168457031,-11.710894584655762
4.844,2034.3973388671875,277.7861328125,-6.410982608795166
4.86,2038.763671875,279.8486022949219,-11.387513160705566
4.864,2039.9853515625,279.6175231933594,-8.184147834777832
4.878,2043.61865234375,280.028564453125,-10.189141273498535
4.884,2045.5751953125,279.6158752441406,-7.572459697723389
4.895,2048.50830078125,278.6258239746094,-6.31737756729126
4.911,2053.009765625,279.2685546875,-7.088043689727783
4.915,2054.195556640625,279.0689697265625,-8.081625938415527
4.928,2057.7587890625,280.33428955078125,-11.792996406555176
4.935,2059.609619140625,279.9767761230469,-8.392633438110352
4.944,2062.331298828125,277.9276123046875,-10.14945125579834
4.979,2071.816650390625,266.1893005371094,-10.14945125579834
4.984,2073.310791015625,265.52374267578125,-10.14945125579834
5.014,2080.912109375,267.3741149902344,-10.14945125579834
5.029,2085.136962890625,266.3486633300781,-10.14945125579834
5.034,2086.560302734375,265.13873291015625,-10.14945125579834
5.046,2089.65087890625,266.442626953125,-10.14945125579834
5.062,2094.047119140625,266.6922302246094,-10.14945125579834
5.065,2094.711669921875,266.5106506347656,-10.14945125579834
5.078,2098.180419921875,263.4137268066406,-10.14945125579834
5.095,2100.175537109375,261.68096923828125,-10.14945125579834
5.096,2102.94140625,260.6278381347656,-10.14945125579834
5.112,2107.17626953125,260.736083984375,-10.14945125579834
5.115,2107.728515625,260.77008056640625,-10.14945125579834
5.13,2111.664306640625,257.0821533203125,-10.14945125579834
5.134,2112.686767578125,256.24224853515625,-10.14945125579834
5.149,2116.591796875,254.1002655029297,-10.14945125579834
5.165,2120.63525390625,254.97012329101562,-10.14945125579834
5.182,2124.742919921875,251.66578674316406,-10.14945125579834
5.185,2125.648193359375,250.54383850097656,-10.14945125579834
5.197,2128.49951171875,246.59519958496094,-10.14945125579834
5.214,2132.746826171875,249.0992889404297,-10.14945125579834
5.231,2136.896240234375,246.91787719726562,-10.14945125579834
5.235,2138.093017578125,245.79161071777344,-10.14945125579834
5.246,2140.76708984375,242.9385986328125,-10.14945125579834
5.282,2146.61865234375,242.34310913085938,-10.14945125579834
5.285,2150.00244140625,241.18653869628906,-10.14945125579834
5.327,2155.017333984375,235.71340942382812,-10.14945125579834
5.329,2160.331298828125,234.7074432373047,-10.14945125579834
5.334,2161.74853515625,236.44212341308594,-10.14945125579834
5.365,2168.7626953125,229.32566833496094,-10.14945125579834
5.377,2171.669677734375,229.48423767089844,-10.14945125579834
5.385,2173.49951171875,228.46055603027344,-10.14945125579834
5.394,2175.566162109375,229.14471435546875,-10.14945125579834
5.41,2179.202392578125,225.4020233154297,-10.14945125579834
5.415,2180.31982421875,222.54054260253906,-10.14945125579834
5.428,2183.12646484375,221.91778564453125,-10.14945125579834
5.434,2184.5322265625,220.45574951171875,-10.14945125579834
5.446,2187.01123046875,223.35885620117188,-10.14945125579834
5.461,2190.458984375,220.77371215820312,-10.14945125579834
5.464,2191.12548828125,221.4073486328125,-10.14945125579834
5.476,2193.77685546875,218.24000549316406,-10.14945125579834
5.484,2195.47216796875,214.2337188720703,-10.14945125579834
5.495,2197.889404296875,214.7792205810547,-10.14945125579834
5.511,2201.290283203125,215.83694458007812,-10.14945125579834
5.514,2201.941650390625,216.97760009765625,-10.14945125579834
5.528,2204.983154296875,214.39524841308594,-10.14945125579834
5.534,2206.308837890625,210.71826171875,-10.14945125579834
5.544,2208.407470703125,207.54873657226562,-10.14945125579834
5.561,2211.84130859375,208.4298858642578,-10.14945125579834
5.564,2212.5419921875,207.98764038085938,-10.14945125579834
5.578,2215.3505859375,208.69668579101562,-10.14945125579834
5.584,2216.689697265625,210.12071228027344,-10.14945125579834
5.595,2218.999755859375,206.90283203125,-10.14945125579834
5.612,2222.352783203125,199.87786865234375,-10.14945125579834
5.615,2223.035400390625,201.60128784179688,-10.14945125579834
5.627,2225.438720703125,199.3539276123047,-10.14945125579834
5.634,2226.86279296875,203.2881317138672,-10.14945125579834
5.644,2228.948486328125,203.6187744140625,-10.14945125579834
5.66,2232.1767578125,200.31613159179688,-10.14945125579834
5.665,2233.1953125,198.50025939941406,-10.14945125579834
5.677,2235.422119140625,193.5098419189453,-10.14945125579834
5.685,2237.003173828125,194.06735229492188,-10.14945125579834
5.696,2239.14013671875,195.41590881347656,-10.14945125579834
5.711,2242.01171875,197.13864135742188,-10.14945125579834
5.714,2242.699951171875,197.5621795654297,-10.14945125579834
5.727,2245.30419921875,192.63043212890625,-10.14945125579834
5.734,2246.57763671875,192.18260192871094,-10.14945125579834
5.745,2248.7109375,189.53750610351562,-10.14945125579834
5.759,2251.298095703125,184.81924438476562,-10.14945125579834
5.764,2252.236328125,186.7528533935547,-10.14945125579834
5.775,2254.336669921875,187.89968872070312,-10.14945125579834
5.784,2256.0234375,189.80517578125,-10.14945125579834
5.794,2257.929931640625,187.95809936523438,-10.14945125579834
5.81,2260.890380859375,183.1939239501953,-10.14945125579834
5.814,2261.547607421875,182.25885009765625,-10.14945125579834
5.826,2263.779296875,180.23019409179688,-10.14945125579834
5.834,2265.234130859375,178.8973388671875,-10.14945125579834
5.844,2267.024658203125,182.58030700683594,-10.14945125579834
5.859,2269.808837890625,182.60679626464844,-10.14945125579834
5.865,2270.8271484375,181.53367614746094,-10.14945125579834
5.875,2272.689453125,179.84869384765625,-10.14945125579834
5.884,2274.21337890625,175.58828735351562,-10.14945125579834
5.895,2276.150390625,173.46490478515625,-10.14945125579834
5.908,2278.447021484375,170.5851593017578,-10.14945125579834
5.914,2279.46484375,172.11170959472656,-10.14945125579834
5.927,2281.6181640625,176.8792266845703,-10.14945125579834
5.934,2282.975830078125,174.95162963867188,-10.14945125579834
5.944,2284.69091796875,174.435302734375,-10.14945125579834
5.961,2287.6123046875,170.32566833496094,-10.14945125579834
5.964,2288.032958984375,168.7914276123047,-10.14945125579834
5.978,2290.275146484375,163.85104370117188,-10.14945125579834
5.985,2291.57666015625,166.29519653320312,-10.14945125579834
5.996,2293.340087890625,164.51217651367188,-10.14945125579834
6.011,2295.9716796875,167.73512268066406,-10.14945125579834
6.015,2296.575927734375,167.91188049316406,-10.14945125579834
6.028,2298.6474609375,166.11355590820312,-10.14945125579834
6.034,2299.672607421875,165.18800354003906,-10.14945125579834
6.044,2301.30908203125,159.58189392089844,-10.14945125579834
6.061,2304.041748046875,158.88568115234375,-10.14945125579834
6.065,2304.65576171875,160.14834594726562,-10.14945125579834
6.077,2306.49462890625,158.94638061523438,-10.14945125579834
6.084,2307.72509765625,162.32907104492188,-10.14945125579834
6.094,2309.322998046875,157.96249389648438,-10.14945125579834
6.11,2311.82421875,157.93849182128906,-10.14945125579834
6.115,2312.667236328125,158.1227264404297,-10.14945125579834
6.128,2314.5673828125,155.35687255859375,-10.14945125579834
6.135,2315.759521484375,153.99697875976562,-10.14945125579834
6.144,2317.126708984375,151.98309326171875,-10.14945125579834
6.16,2319.561767578125,152.7414093017578,-10.14945125579834
6.165,2320.282470703125,150.5432891845703,-10.14945125579834
6.176,2322.00439453125,153.14060974121094,-10.14945125579834
6.185,2323.33154296875,149.54893493652344,-10.14945125579834
6.195,2324.751953125,151.48414611816406,-10.14945125579834
6.211,2327.20751953125,147.52447509765625,-10.14945125579834
6.215,2327.81689453125,147.7830047607422,-10.14945125579834
6.23,2329.58740234375,147.19625854492188,-10.14945125579834
6.235,2330.6181640625,146.109130859375,-10.14945125579834
6.245,2332.16357421875,144.18896484375,-10.14945125579834
6.261,2334.48193359375,144.32620239257812,-10.14945125579834
6.264,2334.903564453125,144.611328125,-10.14945125579834
6.278,2336.909423828125,143.57330322265625,-10.14945125579834
6.285,2337.805908203125,143.31106567382812,-10.14945125579834
6.294,2339.207763671875,141.2390594482422,-10.14945125579834
6.311,2341.505615234375,139.7942352294922,-10.14945125579834
6.315,2342.15234375,139.07310485839844,-10.14945125579834
6.328,2343.906005859375,136.7407684326172,-10.14945125579834
6.334,2344.710693359375,137.85487365722656,-10.14945125579834
6.345,2346.136962890625,136.53500366210938,-10.14945125579834
6.361,2348.432861328125,135.42176818847656,-10.14945125579834
6.364,2348.8671875,136.736328125,-10.14945125579834
6.378,2350.75927734375,136.4172821044922,-10.14945125579834
6.385,2351.669921875,136.6887664794922,-10.14945125579834
6.394,2352.873779296875,133.5712432861328,-10.14945125579834
6.409,2354.9296875,131.64353942871094,-10.14945125579834
6.414,2355.535888671875,132.13729858398438,-10.14945125579834
6.427,2357.180419921875,129.2382049560547,-10.14945125579834
6.435,2358.224365234375,127.2236099243164,-10.14945125579834
6.445,2359.502197265625,128.5890350341797,-10.14945125579834
6.462,2361.739990234375,130.14126586914062,-10.14945125579834
6.464,2361.946044921875,128.68638610839844,-10.14945125579834
6.476,2363.51806640625,128.51507568359375,-10.14945125579834
6.484,2364.505615234375,127.81282043457031,-10.14945125579834
6.494,2365.80517578125,126.29125213623047,-10.14945125579834
6.51,2367.791015625,124.62196350097656,-10.14945125579834
6.514,2368.267333984375,122.19746398925781,-10.14945125579834
6.527,2369.867919921875,121.71385955810547,-10.14945125579834
6.534,2370.722412109375,122.56273651123047,-10.14945125579834
6.545,2372.076904296875,120.92113494873047,-10.14945125579834
6.561,2374.008544921875,120.44329071044922,-10.14945125579834
6.565,2374.43798828125,119.07831573486328,-10.14945125579834
6.579,2376.162109375,120.58049011230469,-10.14945125579834
6.584,2376.777099609375,120.56687927246094,-10.14945125579834
6.595,2378.04248046875,119.50418853759766,-10.14945125579834
6.613,2380.10107421875,117.87947845458984,-10.14945125579834
6.615,2380.42919921875,115.78962707519531,-10.14945125579834
6.629,2382.0166015625,115.91181945800781,-10.14945125579834
6.635,2382.722900390625,115.93038940429688,-10.14945125579834
6.644,2383.76220703125,113.95520782470703,-10.14945125579834
6.66,2385.559326171875,113.9651107788086,-10.14945125579834
6.665,2386.08984375,112.31878662109375,-10.14945125579834
6.676,2387.333251953125,108.46170806884766,-10.14945125579834
6.684,2388.245361328125,110.04945373535156,-10.14945125579834
6.695,2389.38818359375,109.84700775146484,-10.14945125579834
6.711,2391.25048828125,108.23259735107422,-10.14945125579834
6.714,2391.584716796875,112.31429290771484,-10.14945125579834
6.728,2393.12451171875,109.26070404052734,-10.14945125579834
6.735,2393.8271484375,107.71878051757812,-10.14945125579834
6.745,2394.904296875,106.91516876220703,-10.14945125579834
6.762,2396.729736328125,106.2160873413086,-10.14945125579834
6.765,2397.03076171875,105.91482543945312,-10.14945125579834
6.776,2398.225830078125,102.16854858398438,-10.14945125579834
6.784,2399.041259765625,103.6108627319336,-10.14945125579834
6.795,2400.144287109375,102.85913848876953,-10.14945125579834
6.81,2401.701171875,104.56643676757812,-10.14945125579834
6.815,2402.18798828125,102.66145324707031,-10.14945125579834
6.828,2403.5087890625,103.6897964477539,-10.14945125579834
6.834,2404.171875,101.20620727539062,-10.14945125579834
6.844,2405.167724609375,100.3825912475586,-10.14945125579834
6.861,2406.816650390625,98.94384002685547,-10.14945125579834
6.864,2407.142333984375,99.76837921142578,-10.14945125579834
6.876,2408.34521484375,96.33051300048828,-10.14945125579834
6.884,2409.11181640625,98.09574127197266,-10.14945125579834
6.895,2410.19921875,95.3215103149414,-10.14945125579834
6.91,2411.58544921875,97.38682556152344,-10.14945125579834
6.914,2411.995361328125,94.92193603515625,-10.14945125579834
6.927,2413.199462890625,92.1318588256836,-10.14945125579834
6.934,2413.910400390625,92.76690673828125,-10.14945125579834
6.946,2414.95458984375,93.85523223876953,-10.14945125579834
6.962,2416.498291015625,94.48625183105469,-10.14945125579834
6.965,2416.78955078125,92.11901092529297,-10.14945125579834
6.979,2418.008544921875,92.37953186035156,-10.14945125579834
6.984,2418.532958984375,93.52365112304688,-10.14945125579834
6.996,2419.5556640625,93.06417846679688,-10.14945125579834
7.012,2421.0615234375,90.33815002441406,-10.14945125579834
7.015,2421.3212890625,87.14204406738281,-10.14945125579834
7.028,2422.47705078125,89.20596313476562,-10.14945125579834
7.034,2422.98388671875,87.81980895996094,-10.14945125579834
7.044,2423.894775390625,85.75149536132812,-10.14945125579834
7.062,2425.416259765625,84.38301086425781,-10.14945125579834
7.065,2425.668212890625,85.92710876464844,-10.14945125579834
7.079,2426.7666015625,82.99815368652344,-10.14945125579834
7.085,2427.333251953125,81.13738250732422,-10.14945125579834
7.098,2428.371826171875,82.31887817382812,-10.14945125579834
7.133,2431.261474609375,79.0256118774414,-10.14945125579834
7.134,2431.39208984375,80.48662567138672,-10.14945125579834
7.144,2432.206787109375,79.27691650390625,-10.14945125579834
7.166,2433.98193359375,80.241943359375,-10.14945125579834
7.181,2435.150390625,78.6482162475586,-10.14945125579834
7.184,2435.39990234375,78.111083984375,-10.14945125579834
7.194,2436.16650390625,77.23885345458984,-10.14945125579834
7.21,2437.37646484375,74.99227142333984,-10.14945125579834
7.214,2437.687255859375,76.20628356933594,-10.14945125579834
7.231,2438.99267578125,75.08153533935547,-10.14945125579834
7.234,2439.176513671875,73.12211608886719,-10.14945125579834
7.244,2439.9609375,73.89752960205078,-10.14945125579834
7.262,2441.239013671875,71.08033752441406,-10.14945125579834
7.265,2441.47119140625,75.05132293701172,-10.14945125579834
7.278,2442.3818359375,72.34381866455078,-10.14945125579834
7.284,2442.8681640625,71.81144714355469,-10.14945125579834
7.294,2443.576904296875,74.04905700683594,-10.14945125579834
7.313,2444.889892578125,69.61678314208984,-10.14945125579834
7.314,2444.997802734375,70.87551879882812,-10.14945125579834
7.328,2445.9833984375,70.5129165649414,-10.14945125579834
7.334,2446.394775390625,69.10600280761719,-10.14945125579834
7.345,2447.136962890625,68.83817291259766,-10.14945125579834
7.362,2448.2734375,65.6371078491211,-10.14945125579834
7.365,2448.5078125,69.5103530883789,-10.14945125579834
7.378,2449.388916015625,66.4399642944336,-10.14945125579834
7.384,2449.750732421875,65.68338775634766,-10.14945125579834
7.394,2450.427001953125,65.79103088378906,-10.14945125579834
7.41,2451.44482421875,65.39287567138672,-10.14945125579834
7.414,2451.735107421875,63.24848175048828,-10.14945125579834
7.426,2452.503662109375,65.24443054199219,-10.14945125579834
7.434,2452.99755859375,63.435848236083984,-10.14945125579834
7.445,2453.675048828125,62.14232635498047,-10.14945125579834
7.46,2454.613525390625,62.91173553466797,-10.14945125579834
7.465,2454.890625,60.97673416137695,-10.14945125579834
7.476,2455.5869140625,63.50625991821289,-10.14945125579834
7.484,2456.07373046875,61.73388671875,-10.14945125579834
7.495,2456.737548828125,59.435489654541016,-10.14945125579834
7.512,2457.7373046875,57.70687484741211,-10.14945125579834
7.515,2457.904052734375,58.406795501708984,-10.14945125579834
7.529,2458.682861328125,57.69892501831055,-10.14945125579834
7.535,2459.067138671875,58.83872604370117,-10.14945125579834
7.545,2459.65283203125,58.23922348022461,-10.14945125579834
7.563,2460.67626953125,56.30131149291992,-10.14945125579834
7.578,2461.519775390625,57.71928787231445,-10.14945125579834
7.585,2461.9033203125,55.215904235839844,-10.14945125579834
7.594,2462.393798828125,54.96954345703125,-10.14945125579834
7.613,2463.378173828125,53.345027923583984,-10.14945125579834
7.615,2463.517578125,55.091957092285156,-10.14945125579834
7.628,2464.1767578125,51.04365158081055,-10.14945125579834
7.635,2464.577392578125,53.259517669677734,-10.14945125579834
7.644,2465.031494140625,51.94804382324219,-10.14945125579834
7.665,2466.055419921875,50.737430572509766,-10.14945125579834
7.678,2466.753173828125,48.309356689453125,-10.14945125579834
7.685,2467.070068359375,49.62547302246094,-10.14945125579834
7.694,2467.528076171875,50.71564865112305,-10.14945125579834
7.712,2468.357666015625,47.93691635131836,-10.14945125579834
7.714,2468.472900390625,50.214942932128906,-10.14945125579834
7.728,2469.14697265625,46.61101150512695,-10.14945125579834
7.735,2469.48486328125,49.145084381103516,-10.14945125579834
7.745,2469.950439453125,47.21133804321289,-10.14945125579834
7.762,2470.70751953125,44.73811721801758,-10.14945125579834
7.764,2470.82421875,44.76470184326172,-10.14945125579834
7.779,2471.47412109375,46.73842239379883,-10.14945125579834
7.784,2471.70751953125,43.6258430480957,-10.14945125579834
7.794,2472.165283203125,42.891700744628906,-10.14945125579834
7.811,2472.906494140625,43.901554107666016,-10.14945125579834
7.815,2473.07177734375,43.63372039794922,-10.14945125579834
7.828,2473.643798828125,42.45319366455078,-10.14945125579834
7.834,2473.8876953125,42.31238555908203,-10.14945125579834
7.844,2474.300048828125,40.53822326660156,-10.14945125579834
7.862,2475.0400390625,41.67860794067383,-10.14945125579834
7.864,2475.13916015625,39.99552536010742,-10.14945125579834
7.882,2475.718505859375,39.02001953125,-10.14945125579834
7.885,2475.97802734375,40.36551284790039,-10.14945125579834
7.897,2476.4462890625,40.570045471191406,-10.14945125579834
7.913,2477.0751953125,38.26874542236328,-10.14945125579834
7.93,2477.70947265625,36.152015686035156,-10.14945125579834
7.935,2477.8828125,36.72868728637695,-10.14945125579834
7.947,2478.308349609375,35.52471923828125,-10.14945125579834
7.963,2478.88134765625,35.655311584472656,-10.14945125579834
7.964,2478.9130859375,35.864540100097656,-10.14945125579834
7.978,2479.38525390625,35.40727996826172,-10.14945125579834
7.984,2479.627197265625,34.22602081298828,-10.14945125579834
7.994,2479.968994140625,34.52863693237305,-10.14945125579834
8.011,2480.524658203125,34.80592346191406,-10.14945125579834
8.014,2480.62841796875,33.289329528808594,-10.14945125579834
8.029,2481.11669921875,32.13150405883789,-10.14945125579834
8.034,2481.267578125,31.30390739440918,-10.14945125579834
8.045,2481.64599609375,31.569978713989258,-10.14945125579834
8.062,2482.178466796875,29.735870361328125,-10.14945125579834
8.065,2482.252685546875,29.803714752197266,-10.14945125579834
8.078,2482.6796875,29.817720413208008,-10.14945125579834
8.084,2482.8564453125,30.516990661621094,-10.14945125579834
8.095,2483.167724609375,28.67569351196289,-10.14945125579834
8.112,2483.66748046875,28.74246597290039,-10.14945125579834
8.115,2483.78125,28.596515655517578,-10.14945125579834
8.132,2484.240478515625,27.24570083618164,-10.14945125579834
8.146,2484.34716796875,28.606063842773438,-10.14945125579834
8.147,2484.6708984375,27.085472106933594,-10.14945125579834
8.163,2485.12060546875,26.305688858032227,-10.14945125579834
8.181,2485.56787109375,27.03049087524414,-10.14945125579834
8.203,2485.721435546875,25.48296546936035,-10.14945125579834
8.25,2487.005859375,24.79323387145996,-10.14945125579834
8.264,2487.643798828125,22.569862365722656,-10.14945125579834
8.28,2488.017333984375,22.881179809570312,-10.14945125579834
8.284,2488.099609375,21.925796508789062,-10.14945125579834
8.297,2488.369140625,22.504697799682617,-10.14945125579834
8.312,2488.699462890625,20.569677352905273,-10.14945125579834
8.315,2488.763916015625,20.697433471679688,-10.14945125579834
8.328,2489.042236328125,20.790151596069336,-10.14945125579834
8.334,2489.158447265625,19.562118530273438,-10.14945125579834
8.344,2489.369140625,20.294801712036133,-10.14945125579834
8.362,2489.7021484375,17.908475875854492,-10.14945125579834
8.364,2489.73779296875,17.879985809326172,-10.14945125579834
8.378,2489.993896484375,18.530244827270508,-10.14945125579834
8.395,2490.12744140625,17.514448165893555,-10.14945125579834
8.416,2490.66064453125,16.05970001220703,-10.14945125579834
8.433,2490.933349609375,16.310922622680664,-10.14945125579834
8.448,2491.167236328125,15.024103164672852,-10.14945125579834
8.467,2491.446533203125,15.487175941467285,-10.14945125579834
8.482,2491.67236328125,14.021513938903809,-10.14945125579834
8.484,2491.70361328125,13.905180931091309,-10.14945125579834
8.514,2491.95703125,13.892802238464355,-10.14945125579834
8.53,2492.31689453125,12.949263572692871,-10.14945125579834
8.534,2492.372314453125,13.060404777526855,-10.14945125579834
8.545,2492.511962890625,12.570561408996582,-10.14945125579834
8.563,2492.716552734375,11.448507308959961,-10.14945125579834
8.565,2492.745361328125,11.521495819091797,-10.14945125579834
8.581,2492.930419921875,11.218066215515137,-10.14945125579834
8.585,2492.971435546875,10.969917297363281,-10.14945125579834
8.595,2493.06982421875,10.287956237792969,-10.14945125579834
8.611,2493.233642578125,9.78754997253418,-10.14945125579834
8.615,2493.271484375,9.719696998596191,-10.14945125579834
8.628,2493.403564453125,10.101003646850586,-10.14945125579834
8.634,2493.4638671875,9.778034210205078,-10.14945125579834
8.65,2493.603759765625,8.695097923278809,-10.14945125579834
8.664,2493.724609375,8.25876522064209,-10.14945125579834
8.679,2493.846435546875,8.013420104980469,-10.14945125579834
8.684,2493.886474609375,8.025625228881836,-10.14945125579834
8.696,2493.979736328125,7.663651943206787,-10.14945125579834
8.716,2494.12109375,6.6251373291015625,-10.14945125579834
8.732,2494.2177734375,6.294347286224365,-10.14945125579834
8.735,2494.242431640625,6.232579231262207,-10.14945125579834
8.748,2494.32275390625,6.143169403076172,-10.14945125579834
8.766,2494.425537109375,5.693815231323242,-10.14945125579834
8.781,2494.51123046875,5.25331449508667,-10.14945125579834
8.784,2494.52685546875,5.009597301483154,-10.14945125579834
8.796,2494.5849609375,4.747298717498779,-10.14945125579834
8.814,2494.662841796875,4.2693586349487305,-10.14945125579834
8.831,2494.724609375,4.07883882522583,-10.14945125579834
8.834,2494.738037109375,3.7343761920928955,-10.14945125579834
8.846,2494.776611328125,3.0715267658233643,-10.14945125579834
8.867,2494.837890625,2.479822874069214,-10.14945125579834
8.881,2494.873291015625,2.588489055633545,-10.14945125579834
8.884,2494.880126953125,2.4899399280548096,-10.14945125579834
8.898,2494.908447265625,1.653506875038147,-10.14945125579834
8.916,2494.935546875,1.714038372039795,-10.14945125579834
8.933,2494.957763671875,0.7157359719276428,-10.14945125579834
8.935,2494.95947265625,0.771331250667572,-10.14945125579834
8.947,2494.974365234375,1.298167109489441,-10.14945125579834
8.964,2494.972900390625,-0.14203763008117676,-10.14945125579834
8.98,2494.9736328125,-0.05156662315130234,-10.14945125579834
8.985,2494.9736328125,0.008895305916666985,-10.14945125579834
8.997,2494.972900390625,-0.06246171146631241,-10.14945125579834
9.014,2494.97216796875,0.04044476896524429,-10.14945125579834
9.032,2494.971923828125,-0.041750967502593994,-10.14945125579834
9.035,2494.97216796875,0.03788922354578972,-10.14945125579834
9.05,2494.971923828125,-0.0037264579441398382,-10.14945125579834
9.066,2494.971923828125,0.01375632919371128,-10.14945125579834
9.079,2494.971923828125,0.012195432558655739,-10.14945125579834
9.095,2494.9716796875,0.007274786476045847,-10.14945125579834
9.111,2494.9716796875,0.007089450489729643,-10.14945125579834
9.114,2494.971435546875,-0.05868707224726677,-10.14945125579834
9.128,2494.971435546875,-0.01998782716691494,-10.14945125579834
9.135,2494.9716796875,0.04769790917634964,-10.14945125579834
9.144,2494.9716796875,0.020740309730172157,-10.14945125579834
9.164,2494.9716796875,0.006499915849417448,-10.14945125579834
9.181,2494.9716796875,-0.0018600994953885674,-10.14945125579834
9.185,2494.9716796875,-0.008888792246580124,-10.14945125579834
9.198,2494.9716796875,-0.011182641610503197,-10.14945125579834
9.234,2494.9716796875,-0.0012109717354178429,-10.14945125579834
9.246,2494.9716796875,-0.028674278408288956,-10.14945125579834
9.263,2494.971923828125,0.009987253695726395,-10.14945125579834
9.264,2494.9716796875,-0.010912558063864708,-10.14945125579834
9.279,2494.9716796875,-0.016243916004896164,-10.14945125579834
9.285,2494.9716796875,-0.015646472573280334,-10.14945125579834
9.295,2494.9716796875,-0.01748676411807537,-10.14945125579834
9.312,2494.9716796875,-0.007774934638291597,-10.14945125579834
9.315,2494.9716796875,-0.0162672009319067,-10.14945125579834
9.329,2494.9716796875,0.015643170103430748,-10.14945125579834
9.335,2494.9716796875,0.03399302065372467,-10.14945125579834
9.345,2494.971923828125,0.006897586863487959,-10.14945125579834
9.363,2494.9716796875,-0.01657826267182827,-10.14945125579834
9.378,2494.9716796875,0.007074534893035889,-10.14945125579834
9.385,2494.9716796875,0.004052395466715097,-10.14945125579834
9.395,2494.9716796875,-0.01930517703294754,-10.14945125579834
9.415,2494.971923828125,0.01849953643977642,-10.14945125579834
9.43,2494.9716796875,0.0073930490761995316,-10.14945125579834
9.434,2494.9716796875,-0.00028244531131349504,-10.14945125579834
9.446,2494.9716796875,-0.01066063903272152,-10.14945125579834
9.464,2494.9716796875,-0.00864991545677185,-10.14945125579834
9.48,2494.9716796875,0.0039424956776201725,-10.14945125579834
9.485,2494.9716796875,0.010831025429069996,-10.14945125579834
9.496,2494.9716796875,0.013234768062829971,-10.14945125579834
9.512,2494.9716796875,0.014915801584720612,-10.14945125579834
9.515,2494.9716796875,0.011803321540355682,-10.14945125579834
9.531,2494.9716796875,0.005678010173141956,-10.14945125579834
9.536,2494.9716796875,-0.015918893739581108,-10.14945125579834
9.546,2494.9716796875,-0.023611154407262802,-10.14945125579834
9.563,2494.9716796875,0.004949253052473068,-10.14945125579834
9.565,2494.9716796875,0.00949783157557249,-10.14945125579834
9.579,2494.9716796875,-0.007056893315166235,-10.14945125579834
9.585,2494.9716796875,-0.0022894523572176695,-10.14945125579834
9.596,2494.9716796875,-0.004724393133074045,-10.14945125579834
9.613,2494.9716796875,0.014206601306796074,-10.14945125579834
9.615,2494.9716796875,-0.02185281366109848,-10.14945125579834
9.635,2494.9716796875,-0.015003405511379242,-10.14945125579834
9.646,2494.9716796875,-0.0022186734713613987,-10.14945125579834
9.663,2494.9716796875,0.02136148139834404,-10.14945125579834
9.665,2494.9716796875,-0.015958014875650406,-10.14945125579834
9.681,2494.9716796875,0.02085624262690544,-10.14945125579834
9.685,2494.9716796875,-0.008073433302342892,-10.14945125579834
9.695,2494.9716796875,0.017269719392061234,-10.14945125579834
9.713,2494.9716796875,0.019310245290398598,-10.14945125579834
9.714,2494.9716796875,-0.021334536373615265,-10.14945125579834
9.729,2494.9716796875,0.02751147374510765,-10.14945125579834
9.735,2494.9716796875,0.00744380010291934,-10.14945125579834
9.745,2494.9716796875,0.0029240904841572046,-10.14945125579834
9.763,2494.971923828125,0.009662209078669548,-10.14945125579834
9.764,2494.971923828125,-0.006681571714580059,-10.14945125579834
9.779,2494.9716796875,-0.006909749936312437,-10.14945125579834
9.784,2494.9716796875,0.004255410749465227,-10.14945125579834
9.796,2494.9716796875,-0.017707042396068573,-10.14945125579834
9.813,2494.9716796875,-0.009801511652767658,-10.14945125579834
9.815,2494.9716796875,0.004123623017221689,-10.14945125579834
9.828,2494.9716796875,-0.020810676738619804,-10.14945125579834
9.845,2494.9716796875,-0.009797785431146622,-10.14945125579834
9.861,2494.9716796875,0.015256188809871674,-10.14945125579834
9.865,2494.9716796875,0.006139468867331743,-10.14945125579834
9.878,2494.9716796875,0.0009338452364318073,-10.14945125579834
9.884,2494.9716796875,-0.008077166974544525,-10.14945125579834
9.894,2494.971435546875,-0.0013488270342350006,-10.14945125579834
9.911,2494.971435546875,-0.021595310419797897,-10.14945125579834
9.914,2494.9716796875,-0.0024319509975612164,-10.14945125579834
9.928,2494.9716796875,0.005717124789953232,-10.14945125579834
9.934,2494.9716796875,-0.00694374181330204,-10.14945125579834
9.944,2494.971435546875,0.014850602485239506,-10.14945125579834
9.962,2494.971435546875,-0.0017544154543429613,-10.14945125579834
9.964,2494.971435546875,-0.005678543355315924,-10.14945125579834
9.978,2494.971435546875,-0.00003659277717815712,-10.14945125579834
9.984,2494.971435546875,0.006411420181393623,-10.14945125579834
9.995,2494.971435546875,-0.008369599469006062,-10.14945125579834
10.014,2494.971435546875,-0.027511077001690865,-10.14945125579834
10.031,2494.971435546875,0.01906111091375351,-10.14945125579834
10.035,2494.971435546875,-0.002969325752928853,-10.14945125579834
10.046,2494.971435546875,-0.003592846682295203,-10.14945125579834
10.062,2494.971435546875,0.011403306387364864,-10.14945125579834
10.067,2494.971435546875,0.010118077509105206,-10.14945125579834
10.078,2494.9716796875,-0.0007942250813357532,-10.14945125579834
10.084,2494.971435546875,-0.028917379677295685,-10.14945125579834
10.095,2494.971435546875,-0.009441561065614223,-10.14945125579834
10.113,2494.971435546875,0.0002120628923876211,-10.14945125579834
10.115,2494.971435546875,-0.0015951688401401043,-10.14945125579834
10.13,2494.971435546875,0.007128062658011913,-10.14945125579834
10.135,2494.9716796875,0.002111494541168213,-10.14945125579834
10.145,2494.971435546875,-0.012253688648343086,-10.14945125579834
10.162,2494.971435546875,-0.013721456751227379,-10.14945125579834
10.164,2494.971435546875,0.005351098719984293,-10.14945125579834
10.178,2494.971435546875,-0.005588216241449118,-10.14945125579834
10.184,2494.971435546875,-0.0016259039985015988,-10.14945125579834
10.195,2494.971435546875,0.02186763845384121,-10.14945125579834
10.211,2494.971435546875,0.008644253015518188,-10.14945125579834
10.215,2494.971435546875,0.0325741209089756,-10.14945125579834
10.229,2494.971435546875,0.0020989172626286745,-10.14945125579834
10.234,2494.971435546875,-0.004127906169742346,-10.14945125579834
10.244,2494.971435546875,0.009338552132248878,-10.14945125579834
10.262,2494.971435546875,-0.017826732248067856,-10.14945125579834
10.264,2494.971435546875,-0.008805476129055023,-10.14945125579834
10.28,2494.97119140625,-0.023726195096969604,-10.14945125579834
10.286,2494.971435546875,-0.00540009094402194,-10.14945125579834
10.296,2494.971435546875,-0.00964878499507904,-10.14945125579834
10.312,2494.971435546875,0.014006812125444412,-10.14945125579834
10.314,2494.971435546875,-0.009633881971240044,-10.14945125579834
10.33,2494.971435546875,0.01968368887901306,-10.14945125579834
10.335,2494.971435546875,-0.009231550619006157,-10.14945125579834
10.345,2494.971435546875,-0.007230137474834919,-10.14945125579834
10.363,2494.971435546875,0.01892838627099991,-10.14945125579834
10.379,2494.971435546875,-0.007531888782978058,-10.14945125579834
10.384,2494.971435546875,0.015866195783019066,-10.14945125579834
10.395,2494.971435546875,-0.013473727740347385,-10.14945125579834
10.411,2494.971435546875,-0.010694660246372223,-10.14945125579834
10.415,2494.971435546875,0.0016160286031663418,-10.14945125579834
10.428,2494.971435546875,0.012672693468630314,-10.14945125579834
10.435,2494.971435546875,-0.03708554431796074,-10.14945125579834
10.445,2494.971435546875,-0.009386145509779453,-10.14945125579834
10.463,2494.971435546875,-0.028372090309858322,-10.14945125579834
10.479,2494.971435546875,0.004024898167699575,-10.14945125579834
10.485,2494.971435546875,-0.018051637336611748,-10.14945125579834
10.495,2494.971435546875,-0.0033716661855578423,-10.14945125579834
10.512,2494.971435546875,-0.005018245428800583,-10.14945125579834
10.515,2494.971435546875,0.014910662546753883,-10.14945125579834
10.531,2494.971435546875,0.01667645573616028,-10.14945125579834
10.535,2494.971435546875,0.020827360451221466,-10.14945125579834
10.546,2494.971435546875,-0.016950814053416252,-10.14945125579834
10.563,2494.971435546875,0.00547496834769845,-10.14945125579834
10.564,2494.971435546875,0.02158498764038086,-10.14945125579834
10.579,2494.971435546875,0.02407115139067173,-10.14945125579834
10.584,2494.971435546875,0.01212554331868887,-10.14945125579834
10.595,2494.971435546875,0.012910646386444569,-10.14945125579834
10.614,2494.9716796875,-0.024833520874381065,-10.14945125579834
10.631,2494.9716796875,0.006351349875330925,-10.14945125579834
10.635,2494.9716796875,-0.005996125750243664,-10.14945125579834
10.647,2494.9716796875,-0.005349323153495789,-10.14945125579834
10.664,2494.9716796875,-0.0007402032497338951,-10.14945125579834
10.68,2494.9716796875,-0.009465762414038181,-10.14945125579834
10.685,2494.9716796875,-0.00044171043555252254,-10.14945125579834
10.699,2494.9716796875,-0.010262973606586456,-10.14945125579834
10.714,2494.9716796875,-0.033742085099220276,-10.14945125579834
10.734,2494.9716796875,-0.019394131377339363,-10.14945125579834
10.746,2494.9716796875,0.021957991644740105,-10.14945125579834
10.762,2494.9716796875,-0.011861594393849373,-10.14945125579834
10.765,2494.9716796875,0.009515052661299706,-10.14945125579834
10.778,2494.9716796875,0.02724231407046318,-10.14945125579834
10.785,2494.9716796875,-0.008874377235770226,-10.14945125579834
10.795,2494.971435546875,-0.001771646086126566,-10.14945125579834
10.812,2494.9716796875,0.008591178804636002,-10.14945125579834
10.815,2494.9716796875,-0.016466520726680756,-10.14945125579834
10.829,2494.9716796875,-0.004643846768885851,-10.14945125579834
10.835,2494.971435546875,-0.006965635344386101,-10.14945125579834
10.845,2494.971435546875,-0.02264678105711937,-10.14945125579834
10.863,2494.9716796875,0.044769804924726486,-10.14945125579834
10.864,2494.9716796875,-0.00797844585031271,-10.14945125579834
10.879,2494.9716796875,0.00956068653613329,-10.14945125579834
10.884,2494.9716796875,0.0020593476947396994,-10.14945125579834
10.895,2494.9716796875,-0.0007555767660960555,-10.14945125579834
10.912,2494.971435546875,-0.0253019817173481,-10.14945125579834
10.914,2494.9716796875,0.02090512402355671,-10.14945125579834
10.929,2494.971435546875,-0.0010000469628721476,-10.14945125579834
10.934,2494.9716796875,0.03303700312972069,-10.14945125579834
10.946,2494.971435546875,0.015591001138091087,-10.14945125579834
10.962,2494.9716796875,0.0028058034367859364,-10.14945125579834
10.965,2494.9716796875,-0.004272247664630413,-10.14945125579834
10.979,2494.9716796875,0.011421002447605133,-10.14945125579834
10.984,2494.971435546875,-0.0007779289153404534,-10.14945125579834
10.995,2494.971435546875,0.022127019241452217,-10.14945125579834
11.012,2494.971435546875,-0.015399232506752014,-10.14945125579834
11.015,2494.971435546875,-0.00025499623734503984,-10.14945125579834
11.029,2494.9716796875,0.00520022539421916,-10.14945125579834
11.035,2494.971435546875,-0.03575096279382706,-10.14945125579834
11.045,2494.9716796875,0.011346952989697456,-10.14945125579834
11.062,2494.9716796875,-0.003979355562478304,-10.14945125579834
11.064,2494.9716796875,0.013954656198620796,-10.14945125579834
11.078,2494.9716796875,0.02172328159213066,-10.14945125579834
11.084,2494.971435546875,0.0038865888491272926,-10.14945125579834
11.095,2494.971435546875,-0.024888021871447563,-10.14945125579834
11.112,2494.971435546875,-0.011517956852912903,-10.14945125579834
11.114,2494.9716796875,0.009474988095462322,-10.14945125579834
11.129,2494.9716796875,0.014913450926542282,-10.14945125579834
11.135,2494.9716796875,-0.007928634993731976,-10.14945125579834
11.145,2494.9716796875,-0.012312836945056915,-10.14945125579834
11.162,2494.9716796875,0.017087619751691818,-10.14945125579834
11.165,2494.9716796875,0.020560521632432938,-10.14945125579834
11.179,2494.9716796875,-0.017229292541742325,-10.14945125579834
11.185,2494.971435546875,-0.034041061997413635,-10.14945125579834
11.196,2494.971435546875,-0.017886344343423843,-10.14945125579834
11.212,2494.971435546875,-0.03777892515063286,-10.14945125579834
11.215,2494.971435546875,-0.016244882717728615,-10.14945125579834
11.229,2494.971435546875,-0.025398850440979004,-10.14945125579834
11.234,2494.9716796875,0.040695253759622574,-10.14945125579834
11.245,2494.971435546875,-0.008110243827104568,-10.14945125579834
11.263,2494.9716796875,-0.022038638591766357,-10.14945125579834
11.265,2494.971435546875,-0.007077407091856003,-10.14945125579834
11.279,2494.9716796875,0.02076401561498642,-10.14945125579834
11.284,2494.9716796875,0.02304854989051819,-10.14945125579834
11.295,2494.9716796875,-0.007829451002180576,-10.14945125579834
11.312,2494.9716796875,0.0006418572156690061,-10.14945125579834
11.314,2494.971435546875,-0.023931555449962616,-10.14945125579834
11.329,2494.9716796875,0.018239665776491165,-10.14945125579834
11.334,2494.9716796875,0.02101360820233822,-10.14945125579834
11.345,2494.9716796875,0.028008773922920227,-10.14945125579834
11.363,2494.9716796875,0.03193569555878639,-10.14945125579834
11.381,2494.9716796875,0.008618167601525784,-10.14945125579834
11.385,2494.971435546875,-0.02067006565630436,-10.14945125579834
11.395,2494.971435546875,-0.001944895600900054,-10.14945125579834
11.412,2494.971435546875,0.0070945206098258495,-10.14945125579834
11.415,2494.971435546875,-0.00934286043047905,-10.14945125579834
11.429,2494.971435546875,-0.007022936828434467,-10.14945125579834
11.435,2494.971435546875,-0.008412469178438187,-10.14945125579834
11.445,2494.971435546875,-0.0037381600122898817,-10.14945125579834
11.462,2494.971435546875,0.020386822521686554,-10.14945125579834
11.465,2494.971435546875,0.00030657631577923894,-10.14945125579834
11.479,2494.971435546875,-0.009800135158002377,-10.14945125579834
11.485,2494.971435546875,0.011162541806697845,-10.14945125579834
11.496,2494.9716796875,0.0563708059489727,-10.14945125579834
11.512,2494.9716796875,0.031192969530820847,-10.14945125579834
11.515,2494.971435546875,0.0015252227894961834,-10.14945125579834
11.53,2494.971435546875,-0.015323802828788757,-10.14945125579834
11.534,2494.971435546875,0.030676549300551414,-10.14945125579834
11.546,2494.9716796875,0.006387192755937576,-10.14945125579834
11.562,2494.971435546875,0.002937574405223131,-10.14945125579834
11.565,2494.971435546875,-0.000030085206162766553,-10.14945125579834
11.579,2494.971435546875,-0.051840029656887054,-10.14945125579834
11.584,2494.9716796875,-0.015292136929929256,-10.14945125579834
11.597,2494.9716796875,0.012576756998896599,-10.14945125579834
11.612,2494.971435546875,-0.011993862688541412,-10.14945125579834
11.615,2494.9716796875,0.01915981061756611,-10.14945125579834
11.63,2494.9716796875,0.005428392440080643,-10.14945125579834
11.635,2494.9716796875,-0.008738888427615166,-10.14945125579834
11.646,2494.9716796875,0.03766053542494774,-10.14945125579834
11.664,2494.971435546875,-0.012376174330711365,-10.14945125579834
11.68,2494.9716796875,-0.008641567081212997,-10.14945125579834
11.685,2494.9716796875,-0.020786013454198837,-10.14945125579834
11.697,2494.9716796875,0.005698937922716141,-10.14945125579834
11.713,2494.9716796875,-0.0008901705150492489,-10.14945125579834
11.715,2494.9716796875,0.0007154290215112269,-10.14945125579834
11.729,2494.9716796875,0.00047375605208799243,-10.14945125579834
11.734,2494.9716796875,-0.00161101040430367,-10.14945125579834
11.746,2494.9716796875,0.004575767088681459,-10.14945125579834
11.763,2494.9716796875,-0.020063308998942375,-10.14945125579834
11.764,2494.9716796875,-0.021669840440154076,-10.14945125579834
11.779,2494.971435546875,-0.00978756695985794,-10.14945125579834
11.784,2494.9716796875,0.03222765401005745,-10.14945125579834
11.796,2494.971435546875,-0.01736341416835785,-10.14945125579834
11.812,2494.971435546875,0.03347143158316612,-10.14945125579834
11.815,2494.971435546875,-0.01039386261254549,-10.14945125579834
11.829,2494.971435546875,-0.014989472925662994,-10.14945125579834
11.834,2494.971435546875,0.012576278299093246,-10.14945125579834
11.846,2494.971435546875,-0.002272265264764428,-10.14945125579834
11.863,2494.971435546875,0.01898983307182789,-10.14945125579834
11.864,2494.971435546875,-0.009894206188619137,-10.14945125579834
11.879,2494.971435546875,-0.01605118066072464,-10.14945125579834
11.884,2494.971435546875,0.006156207527965307,-10.14945125579834
11.896,2494.971435546875,-0.014217404648661613,-10.14945125579834
11.913,2494.971435546875,-0.005341432057321072,-10.14945125579834
11.915,2494.971435546875,-0.022237952798604965,-10.14945125579834
11.929,2494.971435546875,-0.0017004272667691112,-10.14945125579834
11.935,2494.971435546875,-0.005014537367969751,-10.14945125579834
11.945,2494.971435546875,-0.010071620345115662,-10.14945125579834
11.963,2494.971435546875,-0.031411945819854736,-10.14945125579834
11.964,2494.971435546875,-0.02841029316186905,-10.14945125579834
11.979,2494.971435546875,0.0066614518873393536,-10.14945125579834
11.985,2494.9716796875,0.008905939757823944,-10.14945125579834
11.996,2494.9716796875,0.013672444969415665,-10.14945125579834
12.013,2494.9716796875,-0.008607122115790844,-10.14945125579834
12.014,2494.9716796875,0.02590862475335598,-10.14945125579834
12.03,2494.9716796875,0.027332618832588196,-10.14945125579834
12.036,2494.9716796875,0.0053915902972221375,-10.14945125579834
12.046,2494.9716796875,-0.011112375184893608,-10.14945125579834
12.063,2494.9716796875,0.0134279765188694,-10.14945125579834
12.064,2494.9716796875,-0.026577452197670937,-10.14945125579834
12.078,2494.9716796875,0.01695861853659153,-10.14945125579834
12.085,2494.9716796875,0.018635930493474007,-10.14945125579834
12.095,2494.9716796875,0.04162329435348511,-10.14945125579834
12.112,2494.9716796875,-0.017986474558711052,-10.14945125579834
12.114,2494.9716796875,-0.02870599739253521,-10.14945125579834
12.13,2494.9716796875,-0.029099946841597557,-10.14945125579834
12.135,2494.971435546875,-0.021907344460487366,-10.14945125579834
12.146,2494.9716796875,-0.01581510156393051,-10.14945125579834
12.163,2494.971435546875,-0.04244813695549965,-10.14945125579834
12.164,2494.971435546875,-0.026996098458766937,-10.14945125579834
12.179,2494.9716796875,-0.01944027654826641,-10.14945125579834
12.185,2494.9716796875,-0.007076503708958626,-10.14945125579834
12.198,2494.971435546875,-0.010306797921657562,-10.14945125579834
12.213,2494.9716796875,0.008526880294084549,-10.14945125579834
12.214,2494.971435546875,-0.013121714815497398,-10.14945125579834
12.23,2494.9716796875,0.010142723098397255,-10.14945125579834